,date,symbol,price,return,volume,shares_out
482,20120131,AMGN,67.93,0.057935,1435603.0,795600.0
483,20120229,AMGN,68.01,0.006476999999999999,1192389.0,791432.0
484,20120330,AMGN,67.97,-0.000588,943340.0,781100.0
485,20120430,AMGN,71.11,0.046197,833136.0,777708.0
486,20120531,AMGN,69.52,-0.017297,955064.0,777708.0
487,20120629,AMGN,72.91,0.048763,1110471.0,769200.0
488,20120731,AMGN,82.6,0.132904,1075313.0,770769.0
489,20120831,AMGN,83.92,0.020339,829662.0,770769.0
490,20120928,AMGN,84.29,0.004409000000000001,932937.0,768100.0
491,20121031,AMGN,86.49,0.0261,852237.0,767355.0
492,20121130,AMGN,88.8,0.030871,862605.0,767355.0
493,20121231,AMGN,86.2,-0.029279000000000003,739328.0,756300.0
494,20130131,AMGN,85.46,-0.008584999999999999,1480935.0,756300.0
495,20130228,AMGN,91.55,0.076761,1158434.0,748430.0
496,20130328,AMGN,102.51,0.119716,869584.0,749600.0
497,20130430,AMGN,104.21,0.016584,1055854.0,749977.0
498,20130531,AMGN,100.53,-0.030802999999999997,730367.0,749977.0
499,20130628,AMGN,98.66,-0.018601,769022.0,752900.0
500,20130731,AMGN,108.29,0.097608,692561.0,753356.0
501,20130830,AMGN,108.94,0.010343000000000001,773408.0,753356.0
502,20130930,AMGN,111.925,0.0274,650269.0,754100.0
503,20131031,AMGN,116.14,0.037659,712335.0,754126.0
504,20131129,AMGN,114.08,-0.01369,653103.0,754126.0
505,20131231,AMGN,114.08,0.0,582991.0,754600.0
506,20140131,AMGN,118.95,0.042689,745274.0,754600.0
507,20140228,AMGN,124.02,0.047751,633109.0,755007.0
508,20140331,AMGN,123.34,-0.005483,741544.0,756900.0
509,20140430,AMGN,111.75,-0.093968,1001121.0,757022.0
510,20140530,AMGN,115.99,0.0434,662150.0,757022.0
511,20140630,AMGN,118.37,0.020519,545665.0,759400.0
512,20140731,AMGN,127.39,0.07620199999999999,708270.0,759607.0
513,20140829,AMGN,139.38,0.098909,671407.0,759607.0
514,20140930,AMGN,140.46001,0.007749,621551.0,760600.0
515,20141031,AMGN,162.17999,0.154635,1243801.0,760670.0
516,20141128,AMGN,165.31,0.023061,632173.0,760670.0
517,20141231,AMGN,159.28999,-0.036416000000000004,770302.0,760400.0
518,20150130,AMGN,152.25999,-0.044133,731667.0,760400.0
519,20150227,AMGN,157.72,0.041048,684297.0,758861.0
520,20150331,AMGN,159.85001,0.013505000000000001,740842.0,760400.0
521,20150430,AMGN,157.91,-0.012136,719675.0,760324.0
522,20150529,AMGN,156.25999,-0.005446,633129.0,760324.0
523,20150630,AMGN,153.52,-0.017535,691936.0,759100.0
524,20150731,AMGN,176.59,0.150274,781263.0,758250.0
525,20150831,AMGN,151.78,-0.136021,819505.0,758250.0
526,20150930,AMGN,138.32001,-0.088681,898775.0,754900.0
527,20151030,AMGN,158.17999,0.14357999999999999,981000.0,754328.0
528,20151130,AMGN,161.10001,0.023454,583228.0,754328.0
529,20151231,AMGN,162.33,0.007634999999999999,674290.0,754000.0
530,20160129,AMGN,152.73,-0.059139,895855.0,754000.0
531,20160229,AMGN,142.28,-0.061874,800141.0,752091.0
532,20160331,AMGN,149.92999,0.053766999999999995,838508.0,751300.0
533,20160429,AMGN,158.3,0.055826,609092.0,751217.0
534,20160531,AMGN,157.95,0.004106,572163.0,751217.0
535,20160630,AMGN,152.14999,-0.036719999999999996,658985.0,748900.0
536,20160729,AMGN,172.03,0.130661,571113.0,748361.0
537,20160831,AMGN,170.06,-0.005639,648235.0,748361.0
538,20160930,AMGN,166.81,-0.019111000000000003,606490.0,744800.0
539,20161031,AMGN,141.16,-0.15376800000000002,744797.0,743922.0
540,20161130,AMGN,144.07001,0.027699,984789.0,743922.0
541,20161230,AMGN,146.21001,0.014854,705510.0,738200.0
542,20170131,AMGN,156.67999,0.071609,750029.0,738200.0
543,20170228,AMGN,176.53,0.13403099999999998,696228.0,736453.0
544,20170331,AMGN,164.07001,-0.070583,1092851.0,736100.0
545,20170428,AMGN,163.32001,-0.004571,547008.0,735399.0
546,20170531,AMGN,155.24001,-0.042432,695333.0,735399.0
547,20170630,AMGN,172.23,0.10944300000000001,906967.0,730700.0
548,20170731,AMGN,174.50999,0.013238,557421.0,729675.0
549,20170831,AMGN,177.77,0.025271000000000002,466549.0,729675.0
550,20170929,AMGN,186.45,0.048826999999999995,546067.0,726600.0
551,20171031,AMGN,175.22,-0.06023099999999999,630759.0,725911.0
552,20171130,AMGN,175.66,0.009073999999999999,530206.0,725911.0
553,20171229,AMGN,173.89999,-0.010019,547816.0,722200.0
554,20180131,AMGN,186.05,0.069868,664047.0,722200.0
555,20180228,AMGN,183.77,-0.0051600000000000005,971120.0,720562.0
556,20180329,AMGN,170.48,-0.07231900000000001,1560984.0,666400.0
557,20180430,AMGN,174.48,0.023463,696240.0,661706.0
558,20180531,AMGN,179.62,0.037024,720857.0,661706.0
559,20180629,AMGN,184.59,0.02767,650674.0,649000.0
560,20180731,AMGN,196.55,0.064792,525507.0,647272.0
561,20180831,AMGN,199.81,0.023302,470017.0,647272.0
562,20180928,AMGN,207.28999,0.037436000000000004,524593.0,640500.0
563,20181031,AMGN,192.78999,-0.06995,730425.0,637219.0
564,20181130,AMGN,208.25,0.087038,561522.0,637219.0
565,20181231,AMGN,194.67,-0.06521,632119.0,629600.0
566,20190131,AMGN,187.11,-0.038835,736585.0,629600.0
567,20190228,AMGN,190.08,0.023622,551446.0,622278.0
568,20190329,AMGN,189.98,-0.000526,607389.0,614400.0
569,20190430,AMGN,179.32001,-0.056111,591854.0,609936.0
570,20190531,AMGN,166.7,-0.062291,643012.0,609936.0
571,20190628,AMGN,184.28,0.105459,574584.0,602100.0
572,20190731,AMGN,186.58,0.012481,585594.0,599701.0
573,20190830,AMGN,208.62,0.125898,843427.0,599701.0
574,20190930,AMGN,193.50999,-0.07242799999999999,536100.0,596200.0
575,20191031,AMGN,213.25,0.10201,480668.0,594184.0
576,20191129,AMGN,234.72,0.10747899999999999,490308.0,594184.0
577,20191231,AMGN,241.07001,0.027054,418238.0,591400.0
578,20200131,AMGN,216.05,-0.10378699999999999,510789.0,591400.0
579,20200228,AMGN,199.73,-0.068132,498600.0,589807.0
580,20200331,AMGN,202.73,0.015019999999999999,990005.0,588000.0
581,20200430,AMGN,239.22,0.17999300000000001,616290.0,588247.0
582,20200529,AMGN,229.7,-0.033108,560877.0,588247.0
583,20200630,AMGN,235.86,0.026818,607745.0,586400.0
584,20200731,AMGN,244.67,0.037353,528381.0,585694.0
585,20200831,AMGN,253.32001,0.041893,569244.0,585694.0
586,20200930,AMGN,254.16,0.0033159999999999995,559526.0,583500.0
587,20201030,AMGN,216.94,-0.14644300000000002,589730.0,582169.0
588,20201130,AMGN,222.03999,0.030883999999999998,518633.0,582169.0
589,20201231,AMGN,229.92,0.035489,517368.0,578300.0
590,20210129,AMGN,241.42999,0.050061,506334.0,578300.0
591,20210226,AMGN,224.92,-0.061094,465504.0,577566.0
592,20210331,AMGN,248.81,0.106216,714194.0,575300.0
593,20210430,AMGN,239.64,-0.036855,521508.0,574554.0
594,20210528,AMGN,237.94,0.00025,566104.0,574554.0
595,20210630,AMGN,243.75,0.024418000000000002,538988.0,569600.0
596,20210730,AMGN,241.53999,-0.009067,434812.0,567852.0
597,20210831,AMGN,225.53,-0.05899600000000001,571226.0,567852.0
598,20210930,AMGN,212.64999,-0.05711,536819.0,565000.0
599,20211029,AMGN,206.97,-0.026711000000000002,530210.0,563266.0
600,20211130,AMGN,198.88,-0.030583999999999997,641113.0,563266.0
601,20211231,AMGN,224.97,0.131185,641969.0,563266.0
602,20120131,CVX,103.12,-0.030826999999999997,1572333.0,1991484.0
603,20120229,CVX,109.12,0.06604,1309955.0,1976967.0
604,20120330,CVX,107.21,-0.017504,1469927.0,1976967.0
605,20120430,CVX,106.56,-0.006063000000000001,1194622.0,1972674.0
606,20120531,CVX,98.31,-0.068975,1621792.0,1972674.0
607,20120629,CVX,105.5,0.073136,1572864.0,1972674.0
608,20120731,CVX,109.58,0.038673,1342896.0,1972674.0
609,20120831,CVX,112.16,0.031758,1130073.0,1962140.0
610,20120928,CVX,116.56,0.03923,1179134.0,1962140.0
611,20121031,CVX,110.2407,-0.054215,1294587.0,1962140.0
612,20121130,CVX,105.69,-0.033116,1284280.0,1957181.0
613,20121231,CVX,108.14,0.023181,1254399.0,1957181.0
614,20130131,CVX,115.15,0.064823,1194529.0,1957181.0
615,20130228,CVX,117.15,0.025185,1008319.0,1942698.0
616,20130328,CVX,118.82,0.014255,1145523.0,1942698.0
617,20130430,CVX,122.01,0.026847000000000003,1326854.0,1938504.0
618,20130531,CVX,122.75,0.014261000000000001,1554300.0,1938504.0
619,20130628,CVX,118.34,-0.035927,1237148.0,1938504.0
620,20130731,CVX,125.89,0.063799,1046414.0,1938504.0
621,20130830,CVX,120.43,-0.035427999999999994,1141295.0,1932024.0
622,20130930,CVX,121.5,0.008884999999999999,1027381.0,1932024.0
623,20131031,CVX,119.96,-0.012675,1413585.0,1932024.0
624,20131129,CVX,122.44,0.02901,1207050.0,1923173.0
625,20131231,CVX,124.91,0.020173,1162225.0,1923173.0
626,20140131,CVX,111.63,-0.10631700000000001,1314395.0,1923173.0
627,20140228,CVX,115.33,0.042102999999999995,1441354.0,1909130.0
628,20140331,CVX,118.91,0.031041000000000003,1310785.0,1909130.0
629,20140430,CVX,125.52,0.055588,1304074.0,1903663.0
630,20140530,CVX,122.79,-0.013225,1038915.0,1903650.0
631,20140630,CVX,130.55,0.063197,1326394.0,1903650.0
632,20140731,CVX,129.24001,-0.010034,1017768.0,1903650.0
633,20140829,CVX,129.45,0.009904000000000001,913894.0,1898932.0
634,20140930,CVX,119.32,-0.07825399999999999,1302543.0,1898932.0
635,20141031,CVX,119.95,0.00528,1974121.0,1898932.0
636,20141128,CVX,108.87,-0.083451,1306145.0,1890424.0
637,20141231,CVX,112.18,0.030402999999999996,2212045.0,1890424.0
638,20150130,CVX,102.53,-0.086022,2097204.0,1890424.0
639,20150227,CVX,106.68,0.050912,1482680.0,1880180.0
640,20150331,CVX,104.98,-0.015934999999999998,1703046.0,1880180.0
641,20150430,CVX,111.06,0.057915999999999995,1300401.0,1880478.0
642,20150529,CVX,103.0,-0.062939,1328715.0,1880478.0
643,20150630,CVX,96.47,-0.063398,1588101.0,1880478.0
644,20150731,CVX,88.48,-0.082824,1845836.0,1880478.0
645,20150831,CVX,80.99,-0.072559,2879339.0,1880478.0
646,20150930,CVX,78.88,-0.026052999999999996,2461889.0,1880478.0
647,20151030,CVX,90.88,0.15213,2247845.0,1880478.0
648,20151130,CVX,91.32,0.016615,1766993.0,1882037.0
649,20151231,CVX,89.96,-0.014893,2614496.0,1882037.0
650,20160129,CVX,86.47,-0.038794999999999996,2800979.0,1882037.0
651,20160229,CVX,83.44,-0.022667,2349151.0,1883156.0
652,20160331,CVX,95.4,0.143337,2147689.0,1883156.0
653,20160429,CVX,102.18,0.07106900000000001,1556900.0,1884702.0
654,20160531,CVX,101.0,-0.001077,1308801.0,1884702.0
655,20160630,CVX,104.83,0.037920999999999996,1522069.0,1884702.0
656,20160729,CVX,102.48,-0.022417,1346169.0,1884702.0
657,20160831,CVX,100.58,-0.008099,1326769.0,1886520.0
658,20160930,CVX,102.92,0.023265,1513219.0,1886520.0
659,20161031,CVX,104.75,0.017781,1386595.0,1886520.0
660,20161130,CVX,111.56,0.075322,1699806.0,1887769.0
661,20161230,CVX,117.7,0.055038,1345075.0,1887769.0
662,20170131,CVX,111.35,-0.053951,1238323.0,1887769.0
663,20170228,CVX,112.5,0.020027,1232823.0,1893103.0
664,20170331,CVX,107.37,-0.0456,1647468.0,1893103.0
665,20170428,CVX,106.7,-0.00624,1015226.0,1894562.0
666,20170531,CVX,103.48,-0.020056,1185638.0,1894557.0
667,20170630,CVX,104.33,0.008214,1266248.0,1894557.0
668,20170731,CVX,109.19,0.046583,1052900.0,1895003.0
669,20170831,CVX,107.62,-0.004488000000000001,1092832.0,1895003.0
670,20170929,CVX,117.5,0.091804,1096714.0,1895003.0
671,20171031,CVX,115.89,-0.013702,1133049.0,1895003.0
672,20171130,CVX,118.99,0.036069,1018374.0,1899374.0
673,20171229,CVX,125.19,0.052105,1052622.0,1899374.0
674,20180131,CVX,125.35,0.0012779999999999998,1302940.0,1899374.0
675,20180228,CVX,111.92,-0.098205,1703016.0,1910253.0
676,20180329,CVX,114.04,0.018941999999999997,1443929.0,1910253.0
677,20180430,CVX,125.11,0.097071,1431130.0,1910960.0
678,20180531,CVX,124.3,0.002478,1478551.0,1910957.0
679,20180629,CVX,126.43,0.017136000000000002,1363945.0,1910957.0
680,20180731,CVX,126.27,-0.001266,1055484.0,1910957.0
681,20180831,CVX,118.46,-0.05298200000000001,1135569.0,1916147.0
682,20180928,CVX,122.28,0.032247000000000005,1126595.0,1916147.0
683,20181031,CVX,111.65,-0.08693200000000001,1523348.0,1916147.0
684,20181130,CVX,118.94,0.075325,1515649.0,1910774.0
685,20181231,CVX,108.79,-0.085337,1696751.0,1910774.0
686,20190131,CVX,114.65,0.053864999999999996,1391575.0,1910774.0
687,20190228,CVX,119.58,0.05338,1137797.0,1900063.0
688,20190329,CVX,123.18,0.030105,1262313.0,1900063.0
689,20190430,CVX,120.06,-0.025329,2212659.0,1904912.0
690,20190531,CVX,113.85,-0.041812,1749798.0,1904912.0
691,20190628,CVX,124.44,0.093017,1127722.0,1904912.0
692,20190731,CVX,123.11,-0.010688,995281.0,1904912.0
693,20190830,CVX,117.72,-0.034116,1325272.0,1898418.0
694,20190930,CVX,118.6,0.007475,1240689.0,1898418.0
695,20191031,CVX,116.14,-0.020742,1130519.0,1898418.0
696,20191129,CVX,117.13,0.01877,1198918.0,1890872.0
697,20191231,CVX,120.51,0.028857,1209085.0,1890872.0
698,20200131,CVX,107.14,-0.110945,1544195.0,1890872.0
699,20200228,CVX,93.34,-0.116763,1584673.0,1879325.0
700,20200331,CVX,72.46,-0.223698,4759482.0,1879325.0
701,20200430,CVX,92.0,0.26966599999999996,3029526.0,1866979.0
702,20200529,CVX,91.7,0.010761,2069285.0,1866979.0
703,20200630,CVX,89.23,-0.026936,2062259.0,1866979.0
704,20200731,CVX,83.94,-0.059285000000000004,1814810.0,1866979.0
705,20200831,CVX,83.93,0.015249,1735097.0,1867323.0
706,20200930,CVX,72.0,-0.14214200000000002,2564451.0,1867323.0
707,20201030,CVX,69.5,-0.034722,2511717.0,1925052.0
708,20201130,CVX,87.18,0.27295,2416637.0,1925052.0
709,20201231,CVX,84.45,-0.031314999999999996,2248027.0,1925052.0
710,20210129,CVX,85.2,0.008881,1975557.0,1925052.0
711,20210226,CVX,100.0,0.18885,2033587.0,1926377.0
712,20210331,CVX,104.79,0.0479,3041813.0,1926377.0
713,20210430,CVX,103.07,-0.016413999999999998,1751770.0,1928059.0
714,20210528,CVX,103.79,0.019986,2094414.0,1932759.0
715,20210630,CVX,104.74,0.009153,2240641.0,1932759.0
716,20210730,CVX,101.81,-0.027974000000000002,2056969.0,1932759.0
717,20210831,CVX,96.77,-0.036342,2134336.0,1933912.0
718,20210930,CVX,101.45,0.048362,2504680.0,1933912.0
719,20211029,CVX,114.49,0.12853599999999998,2118144.0,1933912.0
720,20211130,CVX,112.87,-0.0024460000000000003,2253165.0,1927686.0
721,20211231,CVX,117.35,0.039692000000000005,2211516.0,1927686.0
722,20120131,AAPL,456.48000999999994,0.127111,2529489.0,932370.0
723,20120229,AAPL,542.44,0.18831099999999998,4208016.0,932370.0
724,20120330,AAPL,599.5499900000001,0.10528399999999999,5751713.0,934982.0
725,20120430,AAPL,583.97998,-0.025969,5815315.0,935062.0
726,20120531,AAPL,577.72998,-0.010702,4145678.0,935062.0
727,20120629,AAPL,584.0,0.010853,2927706.0,937266.0
728,20120731,AAPL,610.76001,0.045822,3336045.0,937406.0
729,20120831,AAPL,665.23999,0.093539,3104998.0,937406.0
730,20120928,AAPL,667.10498,0.002803,3438905.0,939208.0
731,20121031,AAPL,595.3200099999999,-0.107607,4539999.0,940692.0
732,20121130,AAPL,585.28003,-0.012412999999999999,4629601.0,940692.0
733,20121231,AAPL,532.17291,-0.090738,4472556.0,938973.0
734,20130131,AAPL,455.48999000000003,-0.144094,4864029.0,939058.0
735,20130228,AAPL,441.39999000000006,-0.025116,3474204.0,939058.0
736,20130328,AAPL,442.66,0.002855,3418252.0,940094.0
737,20130430,AAPL,442.78,0.000271,4103155.0,938649.0
738,20130531,AAPL,449.73499000000004,0.022596,3507527.0,938649.0
739,20130628,AAPL,396.53,-0.11830299999999999,2611351.0,908442.0
740,20130731,AAPL,452.53,0.141225,2431461.0,908497.0
741,20130830,AAPL,487.216,0.083389,2997612.0,908497.0
742,20130930,AAPL,476.75,-0.021481,3214144.0,899213.0
743,20131031,AAPL,522.70203,0.096386,2948696.0,899738.0
744,20131129,AAPL,556.0700099999999,0.069673,1952387.0,899738.0
745,20131231,AAPL,561.02002,0.008902,2547642.0,892447.0
746,20140131,AAPL,500.60000999999994,-0.107697,3188098.0,891989.0
747,20140228,AAPL,526.23999,0.057311,2111318.0,891989.0
748,20140331,AAPL,536.73999,0.019953,1794860.0,861745.0
749,20140430,AAPL,590.09003,0.099396,2299269.0,861381.0
750,20140530,AAPL,633.0,0.078293,2051679.0,861381.0
751,20140630,AAPL,92.93,0.027662,8535462.0,5989171.0
752,20140731,AAPL,95.6,0.028731,10375564.0,5987867.0
753,20140829,AAPL,102.5,0.077092,9380685.0,5987867.0
754,20140930,AAPL,100.75,-0.017072999999999998,15283673.0,5866161.0
755,20141031,AAPL,108.0,0.07196,13609713.0,5864840.0
756,20141128,AAPL,118.93,0.105556,8213451.0,5864840.0
757,20141231,AAPL,110.38,-0.071891,10766123.0,5826419.0
758,20150130,AAPL,117.16,0.061424,13062738.0,5824748.0
759,20150227,AAPL,128.46001,0.100461,11373392.0,5824748.0
760,20150331,AAPL,124.43,-0.031372000000000004,11389236.0,5824748.0
761,20150430,AAPL,125.15,0.005786,9962108.0,5762278.0
762,20150529,AAPL,130.28,0.045146,9552599.0,5762278.0
763,20150630,AAPL,125.425,-0.037266,8789027.0,5705400.0
764,20150731,AAPL,121.3,-0.032888,10600330.0,5702722.0
765,20150831,AAPL,112.76,-0.066117,16079713.0,5702722.0
766,20150930,AAPL,110.3,-0.021816,12091001.0,5702722.0
767,20151030,AAPL,119.5,0.083409,11147142.0,5575331.0
768,20151130,AAPL,118.3,-0.00569,7517860.0,5575331.0
769,20151231,AAPL,105.26,-0.11022799999999999,9237703.0,5544487.0
770,20160129,AAPL,97.34,-0.07524199999999999,12705755.0,5544583.0
771,20160229,AAPL,96.69,-0.001335,8115988.0,5544583.0
772,20160331,AAPL,108.99,0.127211,7462865.0,5478446.0
773,20160429,AAPL,93.74,-0.139921,8736024.0,5477425.0
774,20160531,AAPL,99.86,0.071368,9014125.0,5477425.0
775,20160630,AAPL,95.6,-0.042660000000000003,7810042.0,5393165.0
776,20160729,AAPL,104.21,0.090063,6860207.0,5388443.0
777,20160831,AAPL,106.1,0.023606,6322814.0,5388443.0
778,20160930,AAPL,113.05,0.06550399999999999,9701084.0,5388443.0
779,20161031,AAPL,113.54,0.004334,6880542.0,5332313.0
780,20161130,AAPL,110.52,-0.021578,7252313.0,5332313.0
781,20161230,AAPL,115.82,0.047955000000000005,6107580.0,5257816.0
782,20170131,AAPL,121.35,0.047746,5633445.0,5246540.0
783,20170228,AAPL,136.99001,0.133581,5765024.0,5246540.0
784,20170331,AAPL,143.66,0.04869,5625243.0,5205815.0
785,20170428,AAPL,143.64999,-7e-05,3744562.0,5213840.0
786,20170531,AAPL,152.75999,0.067804,6555619.0,5213840.0
787,20170630,AAPL,144.02,-0.057214,6847120.0,5169782.0
788,20170731,AAPL,148.73,0.032704000000000004,4222408.0,5165228.0
789,20170831,AAPL,164.0,0.106905,6617859.0,5165228.0
790,20170929,AAPL,154.12,-0.060244000000000006,6805415.0,5126201.0
791,20171031,AAPL,169.03999,0.096808,5043862.0,5134312.0
792,20171130,AAPL,171.85001,0.02035,6016020.0,5134312.0
793,20171229,AAPL,169.23,-0.015246000000000001,5319099.0,5087056.0
794,20180131,AAPL,167.42999,-0.010636,6597524.0,5074013.0
795,20180228,AAPL,178.12,0.06761,9326122.0,5074013.0
796,20180329,AAPL,167.78,-0.058051,7156363.0,4943282.0
797,20180430,AAPL,165.25999,-0.015019999999999999,6662564.0,4915138.0
798,20180531,AAPL,186.87,0.135181,6211796.0,4915138.0
799,20180629,AAPL,185.11,-0.009418000000000001,5276132.0,4842917.0
800,20180731,AAPL,190.28999,0.027982999999999997,3925671.0,4829926.0
801,20180831,AAPL,227.63,0.20006300000000002,7006518.0,4829926.0
802,20180928,AAPL,225.74001,-0.008303,6790750.0,4754986.0
803,20181031,AAPL,218.86,-0.030477999999999998,7901731.0,4745398.0
804,20181130,AAPL,178.58,-0.18070899999999998,9614243.0,4745398.0
805,20181231,AAPL,157.74001,-0.116698,8989251.0,4729803.0
806,20190131,AAPL,166.44,0.055153999999999995,8286384.0,4715280.0
807,20190228,AAPL,173.14999,0.044701,4728399.0,4715280.0
808,20190329,AAPL,189.95,0.097026,6509946.0,4715280.0
809,20190430,AAPL,200.67,0.056436,5069258.0,4601075.0
810,20190531,AAPL,175.07001,-0.123735,7394492.0,4601075.0
811,20190628,AAPL,197.92,0.130519,5161482.0,4531395.0
812,20190731,AAPL,213.03999,0.076394,4736504.0,4519180.0
813,20190830,AAPL,208.74001,-0.016569999999999998,6836722.0,4519180.0
814,20190930,AAPL,223.97,0.072962,5472803.0,4443236.0
815,20191031,AAPL,248.75999,0.11068399999999999,6227831.0,4443265.0
816,20191129,AAPL,267.25,0.077424,4495545.0,4443265.0
817,20191231,AAPL,293.64999,0.098784,5984993.0,4384959.0
818,20200131,AAPL,309.51001,0.05401,7346625.0,4375480.0
819,20200228,AAPL,273.35999,-0.11431,7538341.0,4375480.0
820,20200331,AAPL,254.28999,-0.069761,15678412.0,4323987.0
821,20200430,AAPL,293.79999,0.155374,8151167.0,4334335.0
822,20200529,AAPL,317.94,0.08495599999999999,7011777.0,4334335.0
823,20200630,AAPL,364.79999,0.147386,8095231.0,4283939.0
824,20200731,AAPL,425.04000999999994,0.165132,7543023.0,4275634.0
825,20200831,AAPL,129.03999,0.216309,11844232.0,17102536.0
826,20200831,AAPL,129.03999,0.216309,11844232.0,17102536.0
827,20200930,AAPL,115.81,-0.102526,38816274.0,16976763.0
828,20201030,AAPL,108.86,-0.060012,28938282.0,17001802.0
829,20201130,AAPL,119.05,0.09548999999999999,21197000.0,17001802.0
830,20201231,AAPL,132.69,0.114574,23205317.0,16823263.0
831,20210129,AAPL,131.96001,-0.005502,22434811.0,16788096.0
832,20210226,AAPL,121.26,-0.079532,18332944.0,16788096.0
833,20210331,AAPL,122.15,0.00734,26489849.0,16686305.0
834,20210430,AAPL,131.46001,0.076218,18888744.0,16687631.0
835,20210528,AAPL,124.61,-0.050434,17116318.0,16687631.0
836,20210630,AAPL,136.96001,0.099109,16058898.0,16556942.0
837,20210730,AAPL,145.86,0.064982,19182583.0,16530166.0
838,20210831,AAPL,151.83,0.042438,14615956.0,16530166.0
839,20210930,AAPL,141.5,-0.068037,17967120.0,16426786.0
840,20211029,AAPL,149.8,0.05865700000000001,15637134.0,16406397.0
841,20211130,AAPL,165.3,0.10494,16900358.0,16406397.0
842,20211231,AAPL,177.57001,0.07422899999999999,24442196.0,16406397.0
997,20120131,CAT,109.12,0.209492,1651994.0,646620.0
998,20120229,CAT,114.21,0.046646,1181804.0,647533.0
999,20120330,CAT,106.52,-0.067332,1542149.0,647533.0
1000,20120430,CAT,102.77,-0.030886,1289856.0,652500.0
1001,20120531,CAT,87.62,-0.14741700000000002,1578291.0,652500.0
1002,20120629,CAT,84.91,-0.030929,1545231.0,652500.0
1003,20120731,CAT,84.21,-0.00212,1730262.0,652500.0
1004,20120831,CAT,85.33,0.0133,1453709.0,653269.0
1005,20120928,CAT,86.04,0.008320999999999999,1577121.0,653269.0
1006,20121031,CAT,84.81,-0.008251999999999999,1546238.0,653269.0
1007,20121130,CAT,85.24,0.00507,1314587.0,653934.0
1008,20121231,CAT,89.6085,0.05735,1155208.0,653934.0
1009,20130131,CAT,98.39,0.097999,1392832.0,653934.0
1010,20130228,CAT,92.37,-0.061185,1015373.0,655048.0
1011,20130328,CAT,86.97,-0.058461,1221311.0,655048.0
1012,20130430,CAT,84.67,-0.020467,1777885.0,657700.0
1013,20130531,CAT,85.8,0.013346,1472961.0,657700.0
1014,20130628,CAT,82.49,-0.038577999999999994,1215740.0,657700.0
1015,20130731,CAT,82.91,0.012365000000000001,1455663.0,657700.0
1016,20130830,CAT,82.54,-0.004463,1160621.0,647615.0
1017,20130930,CAT,83.4,0.010419,1035528.0,647615.0
1018,20131031,CAT,83.36,0.0067150000000000005,1263415.0,647615.0
1019,20131129,CAT,84.6,0.014875,918123.0,636356.0
1020,20131231,CAT,90.81,0.073404,1032008.0,636356.0
1021,20140131,CAT,93.91,0.040744,1501463.0,636356.0
1022,20140228,CAT,96.97,0.032583999999999995,1155739.0,637822.0
1023,20140331,CAT,99.37,0.02475,1203828.0,637822.0
1024,20140430,CAT,105.4,0.06672,1144868.0,625500.0
1025,20140530,CAT,102.23,-0.030076,816771.0,624234.0
1026,20140630,CAT,108.67,0.06299500000000001,689466.0,624234.0
1027,20140731,CAT,100.75,-0.06644,811992.0,624234.0
1028,20140829,CAT,109.07,0.08258099999999999,932240.0,627847.0
1029,20140930,CAT,99.03,-0.092051,1063323.0,627847.0
1030,20141031,CAT,101.41,0.031101999999999998,1315543.0,605399.0
1031,20141128,CAT,100.6,-0.007987000000000001,714857.0,605399.0
1032,20141231,CAT,91.53,-0.090159,1238322.0,605399.0
1033,20150130,CAT,79.97,-0.11865,1699820.0,605399.0
1034,20150227,CAT,82.9,0.036639,1097195.0,606167.0
1035,20150331,CAT,80.03,-0.03462,1251937.0,606167.0
1036,20150430,CAT,86.88,0.09434,1281403.0,603700.0
1037,20150529,CAT,85.32,-0.017956,872090.0,603644.0
1038,20150630,CAT,84.82,-0.00586,768499.0,603644.0
1039,20150731,CAT,78.63,-0.0639,1442672.0,602633.0
1040,20150831,CAT,76.44,-0.027852,1581194.0,602633.0
1041,20150930,CAT,65.36,-0.14495,1732944.0,602633.0
1042,20151030,CAT,72.99,0.128519,1577832.0,582234.0
1043,20151130,CAT,72.65,-0.004658,1028004.0,582234.0
1044,20151231,CAT,67.96,-0.06455599999999999,1409471.0,582234.0
1045,20160129,CAT,62.24,-0.072837,1735493.0,582234.0
1046,20160229,CAT,67.7,0.087725,1281537.0,582322.0
1047,20160331,CAT,76.54,0.130576,1420015.0,582322.0
1048,20160429,CAT,77.72,0.025477,1217809.0,583892.0
1049,20160531,CAT,72.51,-0.067035,1121518.0,583892.0
1050,20160630,CAT,75.81,0.045511,1060871.0,583892.0
1051,20160729,CAT,82.76,0.10183400000000001,1038857.0,583892.0
1052,20160831,CAT,81.95,-0.009787,745406.0,584231.0
1053,20160930,CAT,88.77,0.083221,992173.0,584231.0
1054,20161031,CAT,83.46,-0.051143,1055574.0,584231.0
1055,20161130,CAT,95.56,0.14498,1210447.0,585073.0
1056,20161230,CAT,92.74,-0.02951,888398.0,585073.0
1057,20170131,CAT,95.66,0.039789,941043.0,585073.0
1058,20170228,CAT,96.66,0.010454000000000001,851079.0,586486.0
1059,20170331,CAT,92.76,-0.040348,1424344.0,586486.0
1060,20170428,CAT,102.26,0.11071600000000001,1116129.0,589157.0
1061,20170531,CAT,105.43,0.030999000000000002,1039277.0,589090.0
1062,20170630,CAT,107.46,0.019254,1050877.0,589090.0
1063,20170731,CAT,113.95,0.06765299999999999,868222.0,590973.0
1064,20170831,CAT,117.49,0.031066000000000003,665229.0,590973.0
1065,20170929,CAT,124.71,0.061452,641371.0,590973.0
1066,20171031,CAT,135.8,0.09518099999999999,925259.0,590973.0
1067,20171130,CAT,141.14999,0.039396,611220.0,594934.0
1068,20171229,CAT,157.58,0.116401,747223.0,594934.0
1069,20180131,CAT,162.78,0.037949000000000004,1348971.0,594934.0
1070,20180228,CAT,154.63,-0.050068,1268759.0,597626.0
1071,20180329,CAT,147.38,-0.046886000000000004,1253015.0,597626.0
1072,20180430,CAT,144.36,-0.015199,1182373.0,597950.0
1073,20180531,CAT,151.91,0.0523,916214.0,597905.0
1074,20180629,CAT,135.67,-0.106905,906737.0,597905.0
1075,20180731,CAT,143.8,0.066264,985777.0,597905.0
1076,20180831,CAT,138.85001,-0.034423,960986.0,594325.0
1077,20180928,CAT,152.49001,0.098235,806492.0,594325.0
1078,20181031,CAT,121.32,-0.198767,1818563.0,590107.0
1079,20181130,CAT,135.67,0.118282,1264152.0,590107.0
1080,20181231,CAT,127.07,-0.063389,1104776.0,590107.0
1081,20190131,CAT,133.16,0.054694000000000007,1192819.0,590107.0
1082,20190228,CAT,137.34,0.031391,789580.0,575543.0
1083,20190329,CAT,135.49001,-0.01347,811098.0,575543.0
1084,20190430,CAT,139.42,0.035352999999999996,838954.0,571876.0
1085,20190531,CAT,119.81,-0.140654,1079066.0,571876.0
1086,20190628,CAT,136.28999,0.137551,800602.0,571876.0
1087,20190731,CAT,131.67,-0.026341000000000003,903708.0,571876.0
1088,20190830,CAT,119.0,-0.096225,892818.0,562589.0
1089,20190930,CAT,126.31,0.061429,801601.0,562589.0
1090,20191031,CAT,137.8,0.099121,1004839.0,552658.0
1091,20191129,CAT,144.73,0.050289999999999994,638287.0,552658.0
1092,20191231,CAT,147.67999,0.020383000000000002,551493.0,552658.0
1093,20200131,CAT,131.35001,-0.103602,645215.0,552658.0
1094,20200228,CAT,124.24,-0.05413,734189.0,550083.0
1095,20200331,CAT,116.04,-0.066001,1576641.0,550083.0
1096,20200430,CAT,116.38,0.011806,1165673.0,541239.0
1097,20200529,CAT,120.13,0.032222,847725.0,541239.0
1098,20200630,CAT,126.5,0.053026,841560.0,541239.0
1099,20200731,CAT,132.88,0.058577,669587.0,541239.0
1100,20200831,CAT,142.31,0.070966,574089.0,541507.0
1101,20200930,CAT,149.14999,0.048063999999999996,748559.0,541507.0
1102,20201030,CAT,157.05,0.059873,757494.0,541507.0
1103,20201130,CAT,173.59,0.10531700000000001,672845.0,543258.0
1104,20201231,CAT,182.02,0.048563,578967.0,543258.0
1105,20210129,CAT,182.84,0.010164,647628.0,543258.0
1106,20210226,CAT,215.88,0.180704,631536.0,545304.0
1107,20210331,CAT,231.87,0.07406900000000001,818438.0,545304.0
1108,20210430,CAT,228.11,-0.011774,548340.0,545304.0
1109,20210528,CAT,241.08,0.056859,596144.0,547787.0
1110,20210630,CAT,217.63,-0.09727100000000001,1033030.0,547787.0
1111,20210730,CAT,206.75,-0.044893,680767.0,547787.0
1112,20210831,CAT,210.87,0.019927,724766.0,547471.0
1113,20210930,CAT,191.97,-0.089629,779510.0,547471.0
1114,20211029,CAT,204.00999,0.0685,720291.0,547471.0
1115,20211130,CAT,193.35001,-0.052252,710587.0,540942.0
1116,20211231,CAT,206.74001,0.069253,577584.0,540942.0
1237,20120131,BA,74.18,0.011316,1037972.0,743234.0
1238,20120229,BA,74.95,0.016312,843434.0,745721.0
1239,20120330,BA,74.37,-0.007737999999999999,896385.0,747834.0
1240,20120430,BA,76.8,0.032674,850001.0,749049.0
1241,20120531,BA,69.61,-0.087891,880954.0,749049.0
1242,20120629,BA,74.3,0.067375,884562.0,749049.0
1243,20120731,BA,73.91,-0.005249,869711.0,751798.0
1244,20120831,BA,71.4,-0.028007,858018.0,751798.0
1245,20120928,BA,69.595,-0.02528,1030909.0,751798.0
1246,20121031,BA,70.44,0.012142,921005.0,754077.0
1247,20121130,BA,74.28,0.060761,1016159.0,754077.0
1248,20121231,BA,75.36,0.01454,900539.0,754077.0
1249,20130131,BA,73.87,-0.019772,1918426.0,754077.0
1250,20130228,BA,76.9,0.047583999999999994,1014525.0,756166.0
1251,20130328,BA,85.85,0.11638499999999999,1054279.0,757310.0
1252,20130430,BA,91.41,0.064764,1063989.0,758681.0
1253,20130531,BA,99.02,0.08855700000000001,1116335.0,758681.0
1254,20130628,BA,102.44,0.034539,997383.0,758681.0
1255,20130731,BA,105.1,0.025966000000000003,1528475.0,754444.0
1256,20130830,BA,103.92,-0.006613,798303.0,754444.0
1257,20130930,BA,117.5,0.130677,893384.0,754444.0
1258,20131031,BA,130.5,0.11063800000000001,1021095.0,751453.0
1259,20131129,BA,134.25,0.032451999999999995,882800.0,751453.0
1260,20131231,BA,136.49001,0.016685,787013.0,751453.0
1261,20140131,BA,125.26,-0.082277,1142579.0,751453.0
1262,20140228,BA,128.92,0.035047,1201033.0,743405.0
1263,20140331,BA,125.49,-0.026606,978387.0,737077.0
1264,20140430,BA,129.02,0.028130000000000002,779880.0,729225.0
1265,20140530,BA,135.25,0.05394500000000001,615281.0,729225.0
1266,20140630,BA,127.23,-0.059298000000000003,787896.0,729225.0
1267,20140731,BA,120.48,-0.053054,1118657.0,720613.0
1268,20140829,BA,126.8,0.058516,793155.0,720613.0
1269,20140930,BA,127.38,0.004574,754179.0,720613.0
1270,20141031,BA,124.91,-0.019391,1074977.0,712930.0
1271,20141128,BA,134.36,0.081499,724232.0,712930.0
1272,20141231,BA,129.98,-0.032599,968713.0,712930.0
1273,20150130,BA,145.37,0.118403,1091006.0,712930.0
1274,20150227,BA,150.85001,0.043956999999999996,925354.0,704388.0
1275,20150331,BA,150.08,-0.005104,816078.0,699842.0
1276,20150430,BA,143.34,-0.044909,845092.0,691517.0
1277,20150529,BA,140.52,-0.013325,793069.0,691517.0
1278,20150630,BA,138.72,-0.01281,704632.0,691517.0
1279,20150731,BA,144.17,0.039288,701387.0,679495.0
1280,20150831,BA,130.67999,-0.087258,928450.0,679495.0
1281,20150930,BA,130.95,0.002066,812916.0,679495.0
1282,20151030,BA,148.07001,0.130737,921496.0,669984.0
1283,20151130,BA,145.45,-0.011549,528946.0,669984.0
1284,20151231,BA,144.59,-0.005913,797032.0,669984.0
1285,20160129,BA,120.13,-0.169168,1358692.0,669984.0
1286,20160229,BA,118.18,-0.007159,1531973.0,662504.0
1287,20160331,BA,126.94,0.074124,1078571.0,651056.0
1288,20160429,BA,134.8,0.06191900000000001,961945.0,637011.0
1289,20160531,BA,126.15,-0.056083,822717.0,637011.0
1290,20160630,BA,129.87,0.029488999999999998,1027560.0,637011.0
1291,20160729,BA,133.66,0.029182999999999997,761514.0,623826.0
1292,20160831,BA,129.45,-0.023343,614806.0,623826.0
1293,20160930,BA,131.74001,0.01769,715705.0,623826.0
1294,20161031,BA,142.42999,0.08114500000000001,809814.0,617166.0
1295,20161130,BA,150.56,0.064734,739716.0,617166.0
1296,20161230,BA,155.67999,0.034006,633876.0,617166.0
1297,20170131,BA,163.42,0.049717000000000004,733790.0,617166.0
1298,20170228,BA,180.23,0.111553,673205.0,612479.0
1299,20170331,BA,176.86,-0.018698,713524.0,608085.0
1300,20170428,BA,184.83,0.045064,521778.0,603581.0
1301,20170531,BA,187.63,0.022831999999999998,660237.0,603581.0
1302,20170630,BA,197.75,0.053936000000000005,646068.0,603581.0
1303,20170731,BA,242.46001,0.22609400000000002,751763.0,591083.0
1304,20170831,BA,239.66,-0.005692,845251.0,591083.0
1305,20170929,BA,254.21001,0.060711,767462.0,591083.0
1306,20171031,BA,257.98001,0.014830000000000001,687734.0,595579.0
1307,20171130,BA,276.79999,0.078456,527524.0,595579.0
1308,20171229,BA,294.91,0.065426,715208.0,595579.0
1309,20180131,BA,354.37,0.201621,1259454.0,595579.0
1310,20180228,BA,362.20999,0.026949,1160970.0,588490.0
1311,20180329,BA,327.88,-0.094779,1385877.0,587224.0
1312,20180430,BA,333.56,0.017322999999999998,1038315.0,582581.0
1313,20180531,BA,352.16,0.060889,857128.0,582581.0
1314,20180629,BA,335.51001,-0.04728,845443.0,582581.0
1315,20180731,BA,356.29999,0.061965,602616.0,574508.0
1316,20180831,BA,342.79001,-0.033118,629727.0,574508.0
1317,20180928,BA,371.89999,0.08492100000000001,645307.0,574508.0
1318,20181031,BA,354.85999,-0.045819,1002646.0,567885.0
1319,20181130,BA,346.76001,-0.018007,854479.0,567885.0
1320,20181231,BA,322.5,-0.069962,911681.0,567885.0
1321,20190131,BA,385.62,0.195721,907879.0,567885.0
1322,20190228,BA,439.95999000000006,0.146245,768827.0,564985.0
1323,20190329,BA,381.42001,-0.13305799999999998,2567694.0,564482.0
1324,20190430,BA,377.69,-0.009779000000000001,1414084.0,562630.0
1325,20190531,BA,341.60999,-0.090087,1028035.0,562630.0
1326,20190628,BA,364.01001,0.065572,808307.0,562630.0
1327,20190731,BA,341.17999,-0.062718,1041926.0,562710.0
1328,20190830,BA,364.09,0.073173,959160.0,562710.0
1329,20190930,BA,380.47,0.044989,793806.0,562710.0
1330,20191031,BA,339.91,-0.10660499999999999,1128011.0,562791.0
1331,20191129,BA,366.17999,0.08333099999999999,867920.0,562791.0
1332,20191231,BA,325.76001,-0.110383,1278087.0,562791.0
1333,20200131,BA,318.26999,-0.022992,1816596.0,563152.0
1334,20200228,BA,275.10999,-0.129151,1183158.0,563152.0
1335,20200331,BA,149.14,-0.45788999999999996,7440495.0,564226.0
1336,20200430,BA,141.02,-0.05444500000000001,8193163.0,564325.0
1337,20200529,BA,145.85001,0.03425,6120838.0,564325.0
1338,20200630,BA,183.3,0.256771,14652446.0,564325.0
1339,20200731,BA,158.0,-0.138025,8026466.0,564449.0
1340,20200831,BA,171.82001,0.08746799999999999,6247571.0,564449.0
1341,20200930,BA,165.25999,-0.03818,4644053.0,564449.0
1342,20201030,BA,144.39,-0.12628599999999998,4220200.0,564530.0
1343,20201130,BA,210.71001,0.459312,5267708.0,564530.0
1344,20201231,BA,214.06,0.015899,4094760.0,564530.0
1345,20210129,BA,194.19,-0.092824,2577624.0,564530.0
1346,20210226,BA,212.00999,0.091766,2441493.0,582997.0
1347,20210331,BA,254.72,0.201453,5185977.0,583640.0
1348,20210430,BA,234.31,-0.080127,2608796.0,584810.0
1349,20210528,BA,247.02,0.05424400000000001,2584297.0,584810.0
1350,20210630,BA,239.56,-0.0302,2632797.0,584810.0
1351,20210730,BA,226.48,-0.0546,2724038.0,586152.0
1352,20210831,BA,219.5,-0.030819,1879631.0,586152.0
1353,20210930,BA,219.94,0.0020050000000000003,1940326.0,586152.0
1354,20211029,BA,207.03,-0.058698,1715544.0,587699.0
1355,20211130,BA,197.85001,-0.044341000000000005,2226289.0,587699.0
1356,20211231,BA,201.32001,0.017539,2127696.0,587699.0
2389,20120131,AXP,50.14,0.06677999999999999,1273263.0,1164000.0
2390,20120229,AXP,52.89,0.054846000000000006,1201206.0,1166477.0
2391,20120330,AXP,57.86,0.09396900000000001,1390217.0,1168294.0
2392,20120430,AXP,60.21,0.044072,1291688.0,1168294.0
2393,20120531,AXP,55.83,-0.072745,1310082.0,1150913.0
2394,20120629,AXP,58.21,0.042629,1156032.0,1150913.0
2395,20120731,AXP,57.71,-0.005154,1153452.0,1139000.0
2396,20120831,AXP,58.3,0.010223999999999999,995173.0,1133649.0
2397,20120928,AXP,56.86,-0.0247,1024019.0,1133649.0
2398,20121031,AXP,55.97,-0.012135,1101753.0,1119062.0
2399,20121130,AXP,55.9,-0.001251,1129029.0,1119062.0
2400,20121231,AXP,57.48,0.028265,1033779.0,1119062.0
2401,20130131,AXP,58.81,0.026618,1227321.0,1105000.0
2402,20130228,AXP,62.15,0.056792999999999996,1072644.0,1104651.0
2403,20130328,AXP,67.46,0.085438,1013790.0,1101986.0
2404,20130430,AXP,68.41,0.017047,1218410.0,1098639.0
2405,20130531,AXP,75.71,0.106709,1215798.0,1098639.0
2406,20130628,AXP,74.76,-0.012548,1217828.0,1098639.0
2407,20130731,AXP,73.77,-0.010166,1263449.0,1078864.0
2408,20130830,AXP,71.91,-0.025213,699236.0,1078864.0
2409,20130930,AXP,75.52,0.050202,746229.0,1078864.0
2410,20131031,AXP,81.8,0.086202,1026077.0,1071271.0
2411,20131129,AXP,85.8,0.0489,627711.0,1071271.0
2412,20131231,AXP,90.73,0.057459,676157.0,1071271.0
2413,20140131,AXP,85.02,-0.060399,1049933.0,1064000.0
2414,20140228,AXP,91.28,0.07363,762568.0,1062568.0
2415,20140331,AXP,90.03,-0.013694,715140.0,1059613.0
2416,20140430,AXP,87.43,-0.026325,848150.0,1058605.0
2417,20140530,AXP,91.5,0.046551999999999996,651109.0,1058605.0
2418,20140630,AXP,94.87,0.036831,605301.0,1058605.0
2419,20140731,AXP,88.0,-0.069674,684753.0,1046567.0
2420,20140829,AXP,89.55,0.017613999999999998,831020.0,1046567.0
2421,20140930,AXP,87.54,-0.022446,853967.0,1046567.0
2422,20141031,AXP,89.95,0.0305,1208709.0,1034677.0
2423,20141128,AXP,92.42,0.027460000000000002,620361.0,1034677.0
2424,20141231,AXP,93.04,0.0067090000000000006,817634.0,1034677.0
2425,20150130,AXP,80.69,-0.129944,1228250.0,1023000.0
2426,20150227,AXP,81.59,0.011154,2119313.0,1019175.0
2427,20150331,AXP,78.12,-0.039343,1546680.0,1015651.0
2428,20150430,AXP,77.45,-0.008577,1338529.0,1015796.0
2429,20150529,AXP,79.72,0.029308999999999998,1034235.0,1015796.0
2430,20150630,AXP,77.72,-0.02145,1417944.0,1015796.0
2431,20150731,AXP,76.06,-0.021359,1179308.0,1001283.0
2432,20150831,AXP,76.72,0.008676999999999999,1551712.0,1001283.0
2433,20150930,AXP,74.13,-0.033759,1103858.0,1001283.0
2434,20151030,AXP,73.26,-0.007824,1222424.0,984246.0
2435,20151130,AXP,71.64,-0.022113,1068400.0,984246.0
2436,20151231,AXP,69.55,-0.029174000000000002,1242331.0,984246.0
2437,20160129,AXP,53.5,-0.2266,2373086.0,969000.0
2438,20160229,AXP,55.58,0.038879000000000004,1597117.0,964045.0
2439,20160331,AXP,61.4,0.10471400000000002,1298650.0,958345.0
2440,20160429,AXP,65.43,0.070358,998589.0,951033.0
2441,20160531,AXP,65.76,0.005044,967957.0,951033.0
2442,20160630,AXP,60.76,-0.07162400000000001,1218201.0,951033.0
2443,20160729,AXP,64.46,0.060895000000000005,901025.0,923781.0
2444,20160831,AXP,65.58,0.017375,775143.0,923781.0
2445,20160930,AXP,64.04,-0.023483,955987.0,923781.0
2446,20161031,AXP,66.42,0.042161000000000004,1162435.0,915255.0
2447,20161130,AXP,72.04,0.084613,995575.0,915255.0
2448,20161230,AXP,74.08,0.028318,759483.0,915255.0
2449,20170131,AXP,76.38,0.035367,1039049.0,915255.0
2450,20170228,AXP,80.06,0.04818,658167.0,901271.0
2451,20170331,AXP,79.11,-0.011866,987196.0,899917.0
2452,20170428,AXP,79.25,0.005815,778937.0,893779.0
2453,20170531,AXP,76.94,-0.029148,661652.0,893779.0
2454,20170630,AXP,84.24,0.09487899999999999,775007.0,893779.0
2455,20170731,AXP,85.23,0.015550999999999999,713557.0,883980.0
2456,20170831,AXP,86.1,0.010208,664085.0,883980.0
2457,20170929,AXP,90.46,0.050638999999999997,652080.0,883980.0
2458,20171031,AXP,95.52,0.059805,770194.0,867996.0
2459,20171130,AXP,97.71,0.022927,612279.0,867996.0
2460,20171229,AXP,99.31,0.016375,650479.0,867996.0
2461,20180131,AXP,99.4,0.004431,819005.0,867996.0
2462,20180228,AXP,97.51,-0.019014,883122.0,860279.0
2463,20180329,AXP,93.28,-0.04338,784956.0,860145.0
2464,20180430,AXP,98.75,0.062393,841131.0,860362.0
2465,20180531,AXP,98.3,-0.004557,612881.0,860362.0
2466,20180629,AXP,98.0,-0.003052,850964.0,860362.0
2467,20180731,AXP,99.52,0.019082,762655.0,861054.0
2468,20180831,AXP,105.98,0.064912,528861.0,861054.0
2469,20180928,AXP,106.49,0.0048119999999999994,594509.0,861054.0
2470,20181031,AXP,102.73,-0.031646,883229.0,854262.0
2471,20181130,AXP,112.27,0.092865,721863.0,854262.0
2472,20181231,AXP,95.32,-0.150975,964517.0,854262.0
2473,20190131,AXP,102.7,0.081515,885443.0,847000.0
2474,20190228,AXP,107.74,0.049075,588421.0,843369.0
2475,20190329,AXP,109.3,0.014478999999999999,707014.0,838748.0
2476,20190430,AXP,117.23,0.07612100000000001,722215.0,835081.0
2477,20190531,AXP,114.71,-0.021496,696070.0,835081.0
2478,20190628,AXP,123.44,0.07610499999999999,571401.0,835081.0
2479,20190731,AXP,124.37,0.010693000000000001,731534.0,829674.0
2480,20190830,AXP,120.37,-0.032162,724673.0,829674.0
2481,20190930,AXP,118.28,-0.017363,790554.0,829674.0
2482,20191031,AXP,117.28,-0.0048189999999999995,716717.0,818271.0
2483,20191129,AXP,120.12,0.024215999999999998,467018.0,818271.0
2484,20191231,AXP,124.49,0.03638,637092.0,818271.0
2485,20200131,AXP,129.87,0.046669999999999996,717885.0,810000.0
2486,20200228,AXP,109.93,-0.153538,734849.0,808041.0
2487,20200331,AXP,85.61,-0.221232,2274706.0,805778.0
2488,20200430,AXP,91.25,0.070903,1640699.0,804971.0
2489,20200529,AXP,95.07,0.041863,1289773.0,804971.0
2490,20200630,AXP,95.2,0.001367,1358293.0,804971.0
2491,20200731,AXP,93.32,-0.015231,912268.0,805161.0
2492,20200831,AXP,101.59,0.08862,770750.0,805161.0
2493,20200930,AXP,100.25,-0.01319,960556.0,805161.0
2494,20201030,AXP,91.24,-0.085586,848834.0,805202.0
2495,20201130,AXP,118.59,0.299759,985485.0,805202.0
2496,20201231,AXP,120.91,0.019563,774384.0,805202.0
2497,20210129,AXP,116.26,-0.034901999999999996,883639.0,805000.0
2498,20210226,AXP,135.25999,0.163427,640700.0,805589.0
2499,20210331,AXP,141.44,0.048869,791662.0,803421.0
2500,20210430,AXP,153.35001,0.084205,594859.0,803303.0
2501,20210528,AXP,160.13,0.044213,560876.0,803303.0
2502,20210630,AXP,165.23,0.031849,743546.0,803303.0
2503,20210730,AXP,170.53,0.034679,876263.0,794433.0
2504,20210831,AXP,165.96001,-0.026799,753955.0,794433.0
2505,20210930,AXP,167.53,0.00946,772490.0,794433.0
2506,20211029,AXP,173.78,0.039873,714743.0,774556.0
2507,20211130,AXP,152.3,-0.12360499999999999,826945.0,774556.0
2508,20211231,AXP,163.60001,0.074196,835400.0,774556.0
2869,20120131,HD,44.39,0.055899000000000004,1966772.0,1541568.0
2870,20120229,HD,47.57,0.071638,1896567.0,1541568.0
2871,20120330,HD,50.31,0.063696,1979824.0,1523264.0
2872,20120430,HD,51.79,0.029418,1757979.0,1524890.0
2873,20120531,HD,49.34,-0.041707,2862640.0,1530662.0
2874,20120629,HD,52.99,0.073977,2873744.0,1530662.0
2875,20120731,HD,52.18,-0.015286000000000001,2051774.0,1530662.0
2876,20120831,HD,56.75,0.093139,1884202.0,1507442.0
2877,20120928,HD,60.37,0.063789,1446183.0,1507442.0
2878,20121031,HD,61.38,0.016730000000000002,1976663.0,1507442.0
2879,20121130,HD,65.07,0.064842,1782752.0,1495179.0
2880,20121231,HD,61.85,-0.049485,1434084.0,1495179.0
2881,20130131,HD,66.92,0.081973,1278532.0,1495179.0
2882,20130228,HD,68.5,0.02361,1435034.0,1495179.0
2883,20130328,HD,69.78,0.024380000000000002,1281879.0,1485517.0
2884,20130430,HD,73.35,0.051161,1552735.0,1482171.0
2885,20130531,HD,78.66,0.072393,1587288.0,1460796.0
2886,20130628,HD,77.47,-0.01017,1775986.0,1460796.0
2887,20130731,HD,79.03,0.020137000000000002,1250870.0,1460796.0
2888,20130830,HD,74.49,-0.057447000000000005,1691395.0,1432443.0
2889,20130930,HD,75.85,0.023493,1474650.0,1432443.0
2890,20131031,HD,77.89,0.026895,1641349.0,1432443.0
2891,20131129,HD,80.67,0.035691,1387530.0,1408227.0
2892,20131231,HD,82.34,0.025536,1282971.0,1408227.0
2893,20140131,HD,76.85,-0.066675,1370593.0,1408227.0
2894,20140228,HD,82.03,0.06740399999999999,1473811.0,1408227.0
2895,20140331,HD,79.13,-0.029623000000000003,1298448.0,1381350.0
2896,20140430,HD,79.51,0.004802000000000001,1618845.0,1368097.0
2897,20140530,HD,80.23,0.009055,1207206.0,1367617.0
2898,20140630,HD,80.96,0.014957,1296826.0,1367617.0
2899,20140731,HD,80.85,-0.001359,1273048.0,1367617.0
2900,20140829,HD,93.5,0.15646300000000002,1482226.0,1345922.0
2901,20140930,HD,91.74,-0.013797,1534520.0,1345922.0
2902,20141031,HD,97.52,0.06300399999999999,1453894.0,1345922.0
2903,20141128,HD,99.4,0.019278,1030382.0,1317827.0
2904,20141231,HD,104.97,0.060765,1180762.0,1317827.0
2905,20150130,HD,104.42,-0.00524,1098281.0,1317827.0
2906,20150227,HD,114.75,0.098927,1104201.0,1317827.0
2907,20150331,HD,113.61,-0.004793,1041114.0,1307394.0
2908,20150430,HD,106.98,-0.05835800000000001,956804.0,1298359.0
2909,20150529,HD,111.42,0.041503,1003975.0,1298976.0
2910,20150630,HD,111.13,0.002693,1048118.0,1298976.0
2911,20150731,HD,117.03,0.053091,978008.0,1298976.0
2912,20150831,HD,116.46,-0.004871,1352791.0,1284103.0
2913,20150930,HD,115.49,-0.0032630000000000003,1221299.0,1284103.0
2914,20151030,HD,123.64,0.070569,973115.0,1284103.0
2915,20151130,HD,133.88,0.082821,1114241.0,1267881.0
2916,20151231,HD,132.25,-0.007768000000000001,997505.0,1267881.0
2917,20160129,HD,125.76,-0.049074,1470501.0,1267881.0
2918,20160229,HD,124.12,-0.013041,1359141.0,1267881.0
2919,20160331,HD,133.42999,0.080567,941484.0,1252951.0
2920,20160429,HD,133.89,0.0034479999999999997,829530.0,1251493.0
2921,20160531,HD,132.12,-0.008066,1123947.0,1244007.0
2922,20160630,HD,127.69,-0.033530000000000004,1140650.0,1244007.0
2923,20160729,HD,138.24001,0.082622,784369.0,1244007.0
2924,20160831,HD,134.12,-0.024812,913315.0,1235574.0
2925,20160930,HD,128.67999,-0.040561,1077495.0,1235574.0
2926,20161031,HD,122.01,-0.051834000000000005,973611.0,1235574.0
2927,20161130,HD,129.39999,0.066224,1335932.0,1218161.0
2928,20161230,HD,134.08,0.036167000000000005,995551.0,1218161.0
2929,20170131,HD,137.58,0.026104000000000002,831397.0,1218161.0
2930,20170228,HD,144.91,0.053278,759304.0,1218161.0
2931,20170331,HD,146.83,0.019391,929979.0,1202918.0
2932,20170428,HD,156.10001,0.06313400000000001,757171.0,1201169.0
2933,20170531,HD,153.50999,-0.010891,937106.0,1195555.0
2934,20170630,HD,153.39999,-0.000717,1005106.0,1195555.0
2935,20170731,HD,149.60001,-0.024772,1025009.0,1195555.0
2936,20170831,HD,149.87,0.0077540000000000005,1143851.0,1178818.0
2937,20170929,HD,163.56,0.09134600000000001,1103043.0,1178818.0
2938,20171031,HD,165.78,0.013572999999999998,713466.0,1178818.0
2939,20171130,HD,179.82001,0.090059,1032283.0,1167749.0
2940,20171229,HD,189.53,0.053998000000000004,1037140.0,1167749.0
2941,20180131,HD,200.89999,0.059989999999999995,920740.0,1167749.0
2942,20180228,HD,182.27,-0.09273300000000001,1270142.0,1167749.0
2943,20180329,HD,178.24001,-0.016459,1093213.0,1157270.0
2944,20180430,HD,184.8,0.036804,1013998.0,1152717.0
2945,20180531,HD,186.55,0.015043,1031456.0,1153544.0
2946,20180629,HD,195.10001,0.045832,940037.0,1153544.0
2947,20180731,HD,197.52,0.012404,679943.0,1153544.0
2948,20180831,HD,200.77,0.021669,885445.0,1144138.0
2949,20180928,HD,207.14999,0.031778,839629.0,1144138.0
2950,20181031,HD,175.88,-0.150953,1331428.0,1144138.0
2951,20181130,HD,180.32001,0.031101,1325505.0,1129528.0
2952,20181231,HD,171.82001,-0.047138,1176667.0,1129528.0
2953,20190131,HD,183.53,0.06815299999999999,987730.0,1129528.0
2954,20190228,HD,185.14,0.008772,904721.0,1129528.0
2955,20190329,HD,191.89,0.043805000000000004,951167.0,1103904.0
2956,20190430,HD,203.7,0.061546000000000003,712052.0,1102741.0
2957,20190531,HD,189.85001,-0.067992,946534.0,1100286.0
2958,20190628,HD,207.97,0.10260699999999999,907879.0,1100286.0
2959,20190731,HD,213.69,0.027504,641736.0,1100286.0
2960,20190830,HD,227.91,0.066545,992294.0,1095153.0
2961,20190930,HD,232.02,0.024000999999999998,763460.0,1095153.0
2962,20191031,HD,234.58,0.011034,640412.0,1095153.0
2963,20191129,HD,220.50999,-0.05998,1027486.0,1090831.0
2964,20191231,HD,218.38,-0.0034920000000000003,1124167.0,1090831.0
2965,20200131,HD,228.10001,0.04451,972855.0,1090831.0
2966,20200228,HD,217.84,-0.04498,860184.0,1090831.0
2967,20200331,HD,186.71001,-0.136017,2215810.0,1074742.0
2968,20200430,HD,219.83,0.177387,1207189.0,1074116.0
2969,20200529,HD,248.48,0.130328,1152641.0,1075523.0
2970,20200630,HD,250.50999,0.014206,1030569.0,1075523.0
2971,20200731,HD,265.48999,0.059798000000000004,669520.0,1075523.0
2972,20200831,HD,285.04001,0.073638,743424.0,1076456.0
2973,20200930,HD,277.70999,-0.020453,804987.0,1076456.0
2974,20201030,HD,266.70999,-0.03961,595081.0,1076456.0
2975,20201130,HD,277.41,0.040119,826874.0,1076601.0
2976,20201231,HD,265.62,-0.037093,922769.0,1076601.0
2977,20210129,HD,270.82001,0.019577,762505.0,1076601.0
2978,20210226,HD,258.34,-0.046082,884288.0,1076601.0
2979,20210331,HD,305.25,0.187969,1241981.0,1077069.0
2980,20210430,HD,323.67001,0.06034400000000001,816644.0,1075224.0
2981,20210528,HD,318.91,-0.014706,833377.0,1063258.0
2982,20210630,HD,318.89001,0.005111,892025.0,1063258.0
2983,20210730,HD,328.19,0.029164,608491.0,1063258.0
2984,20210831,HD,326.17999,-0.006125,674376.0,1055359.0
2985,20210930,HD,328.26001,0.011434999999999999,674355.0,1055359.0
2986,20211029,HD,371.73999,0.132456,596894.0,1055359.0
2987,20211130,HD,400.60999,0.077662,760519.0,1044239.0
2988,20211231,HD,415.01001,0.040063999999999995,849064.0,1044239.0
3349,20120131,GS,111.47,0.23266599999999998,1597587.0,492313.0
3350,20120229,GS,115.14,0.036063,1144882.0,494904.0
3351,20120330,GS,124.37,0.080163,1487271.0,494904.0
3352,20120430,GS,115.15,-0.074134,1179704.0,495142.0
3353,20120531,GS,95.7,-0.164915,1211439.0,491877.0
3354,20120629,GS,95.86,0.0016719999999999999,1045365.0,491877.0
3355,20120731,GS,100.9,0.052577,965254.0,491877.0
3356,20120831,GS,105.72,0.052328999999999994,709114.0,479417.0
3357,20120928,GS,113.68,0.075293,911752.0,479417.0
3358,20121031,GS,122.39,0.076619,961373.0,479417.0
3359,20121130,GS,117.79,-0.033499,784906.0,469944.0
3360,20121231,GS,127.56,0.082944,803988.0,469944.0
3361,20130131,GS,147.86,0.159141,989464.0,480500.0
3362,20130228,GS,149.75999,0.016232,925043.0,480500.0
3363,20130328,GS,147.14999,-0.017428,828924.0,465503.0
3364,20130430,GS,146.07001,-0.007339,818404.0,460782.0
3365,20130531,GS,162.08,0.113028,894902.0,458505.0
3366,20130628,GS,151.25,-0.066819,760417.0,458505.0
3367,20130731,GS,164.03,0.084496,653283.0,458505.0
3368,20130830,GS,152.13,-0.069499,521541.0,449104.0
3369,20130930,GS,158.21001,0.039966,789110.0,449104.0
3370,20131031,GS,160.86,0.01675,751890.0,449104.0
3371,20131129,GS,168.94,0.053649,574206.0,453231.0
3372,20131231,GS,177.25999,0.049248,557548.0,453231.0
3373,20140131,GS,164.12,-0.074128,678034.0,453231.0
3374,20140228,GS,166.45,0.017547999999999998,718364.0,452752.0
3375,20140331,GS,163.85001,-0.015619999999999998,695577.0,452752.0
3376,20140430,GS,159.82001,-0.024596,787071.0,449472.0
3377,20140530,GS,159.81,0.003379,511279.0,447176.0
3378,20140630,GS,167.44,0.047744,483207.0,447176.0
3379,20140731,GS,172.87,0.032429,599836.0,457800.0
3380,20140829,GS,179.11,0.039278,460577.0,440580.0
3381,20140930,GS,183.57001,0.024901,524455.0,440580.0
3382,20141031,GS,189.99001,0.034973000000000004,830743.0,452800.0
3383,20141128,GS,188.41,-0.005158,401278.0,435546.0
3384,20141231,GS,193.83,0.028767,702734.0,435546.0
3385,20150130,GS,172.41,-0.110509,641226.0,435546.0
3386,20150227,GS,189.78999,0.10428599999999999,501502.0,435621.0
3387,20150331,GS,187.97,-0.009590000000000001,503107.0,435621.0
3388,20150430,GS,196.42,0.044954,557482.0,450900.0
3389,20150529,GS,206.19,0.05305,466971.0,432016.0
3390,20150630,GS,208.78999,0.01261,579018.0,432016.0
3391,20150731,GS,205.07001,-0.017817,519744.0,432016.0
3392,20150831,GS,188.60001,-0.077144,656975.0,432871.0
3393,20150930,GS,173.75999,-0.078685,759641.0,432871.0
3394,20151030,GS,187.5,0.079075,687212.0,432871.0
3395,20151130,GS,190.02,0.016907,506962.0,426536.0
3396,20151231,GS,180.23,-0.051521000000000004,654716.0,426536.0
3397,20160129,GS,161.56,-0.10359000000000002,1001897.0,426536.0
3398,20160229,GS,149.53,-0.070438,1237250.0,422350.0
3399,20160331,GS,156.98,0.049823,887030.0,422350.0
3400,20160429,GS,164.11,0.04542,713727.0,418758.0
3401,20160531,GS,159.48,-0.024252000000000003,584354.0,415394.0
3402,20160630,GS,148.58,-0.068347,843107.0,415394.0
3403,20160729,GS,158.81,0.068852,657955.0,415394.0
3404,20160831,GS,169.46001,0.071154,505494.0,405462.0
3405,20160930,GS,161.27,-0.04833,553569.0,405462.0
3406,20161031,GS,178.24001,0.105227,588127.0,405462.0
3407,20161130,GS,219.28999,0.233954,904347.0,397649.0
3408,20161230,GS,239.45,0.091933,960978.0,397649.0
3409,20170131,GS,229.32001,-0.042305,838141.0,397649.0
3410,20170228,GS,248.06,0.08455399999999999,651682.0,398378.0
3411,20170331,GS,229.72,-0.073934,903215.0,397790.0
3412,20170428,GS,223.8,-0.025769999999999998,814310.0,397790.0
3413,20170531,GS,211.25999,-0.05268099999999999,717713.0,393631.0
3414,20170630,GS,221.89999,0.050364,743475.0,393631.0
3415,20170731,GS,225.33,0.015456999999999999,631635.0,386875.0
3416,20170831,GS,223.74001,-0.003728,604299.0,386875.0
3417,20170929,GS,237.19,0.060114,555784.0,386875.0
3418,20171031,GS,242.48,0.022303,591009.0,386875.0
3419,20171130,GS,247.64,0.024373,543767.0,377201.0
3420,20171229,GS,254.75999,0.028751,535927.0,377201.0
3421,20180131,GS,267.89001,0.051539,806168.0,377201.0
3422,20180228,GS,262.92999,-0.015715,729712.0,379887.0
3423,20180329,GS,251.86,-0.042102,623423.0,379030.0
3424,20180430,GS,238.33,-0.053720000000000004,764745.0,379030.0
3425,20180531,GS,225.88,-0.048882,630735.0,377718.0
3426,20180629,GS,220.57001,-0.023508,608689.0,377718.0
3427,20180731,GS,237.42999,0.076438,622744.0,377718.0
3428,20180831,GS,237.81,0.0049700000000000005,587544.0,377556.0
3429,20180928,GS,224.24001,-0.057062,486373.0,377556.0
3430,20181031,GS,225.37,0.005039,791026.0,377556.0
3431,20181130,GS,190.69,-0.150331,846199.0,371974.0
3432,20181231,GS,167.05,-0.123971,998002.0,371974.0
3433,20190131,GS,198.00999,0.185334,897103.0,371974.0
3434,20190228,GS,196.7,-0.002576,496200.0,368272.0
3435,20190329,GS,191.99001,-0.023944999999999998,629894.0,366763.0
3436,20190430,GS,205.92,0.072556,634734.0,366763.0
3437,20190531,GS,182.49001,-0.109654,511553.0,365839.0
3438,20190628,GS,204.60001,0.12115699999999999,440911.0,365839.0
3439,20190731,GS,220.13,0.075904,520062.0,365839.0
3440,20190830,GS,203.91,-0.068005,434045.0,359564.0
3441,20190930,GS,207.23,0.016281999999999998,462713.0,359564.0
3442,20191031,GS,213.38,0.029677,619749.0,359564.0
3443,20191129,GS,221.35001,0.043209,392898.0,354087.0
3444,20191231,GS,229.92999,0.038762,465649.0,354087.0
3445,20200131,GS,237.75,0.034010000000000006,709870.0,354087.0
3446,20200228,GS,200.77,-0.150284,617299.0,345673.0
3447,20200331,GS,154.59,-0.230014,1338410.0,345673.0
3448,20200430,GS,183.42,0.18649300000000002,849985.0,345673.0
3449,20200529,GS,196.49001,0.078072,688578.0,343887.0
3450,20200630,GS,197.62,0.005751,774667.0,343887.0
3451,20200731,GS,197.96001,0.001721,844176.0,343887.0
3452,20200831,GS,204.87,0.04122,566623.0,344076.0
3453,20200930,GS,200.97,-0.019036,790783.0,344076.0
3454,20201030,GS,189.03999,-0.059362,718832.0,344076.0
3455,20201130,GS,230.58,0.21974200000000002,611562.0,344068.0
3456,20201231,GS,263.70999,0.14910199999999998,575047.0,344068.0
3457,20210129,GS,271.17001,0.028288999999999998,734687.0,344068.0
3458,20210226,GS,319.48001,0.178154,564238.0,344068.0
3459,20210331,GS,327.0,0.027451,696690.0,340216.0
3460,20210430,GS,348.45001,0.065596,640019.0,340216.0
3461,20210528,GS,372.01999,0.07123,543908.0,340216.0
3462,20210630,GS,379.53,0.020187,614592.0,340216.0
3463,20210730,GS,374.88,-0.012251999999999999,537113.0,339762.0
3464,20210831,GS,413.51001,0.10838099999999999,480189.0,339762.0
3465,20210930,GS,378.03,-0.085802,509893.0,339762.0
3466,20211029,GS,413.35001,0.093432,524621.0,339762.0
3467,20211130,GS,380.98999,-0.078287,510322.0,334793.0
3468,20211231,GS,382.54999,0.009344,540893.0,334793.0
3469,20120131,CRM,116.8,0.151193,566381.0,136000.0
3470,20120229,CRM,143.16,0.225685,654674.0,136000.0
3471,20120330,CRM,154.50999,0.079282,421319.0,137000.0
3472,20120430,CRM,155.73,0.007896,401305.0,137000.0
3473,20120531,CRM,138.62,-0.10987000000000001,757183.0,138000.0
3474,20120629,CRM,138.25999,-0.002597,494521.0,138000.0
3475,20120731,CRM,124.36,-0.100535,501445.0,138000.0
3476,20120831,CRM,145.17999,0.167417,626330.0,139000.0
3477,20120928,CRM,152.69,0.051729,362725.0,139000.0
3478,20121031,CRM,145.98,-0.043945,348001.0,139000.0
3479,20121130,CRM,157.67,0.080079,425534.0,142000.0
3480,20121231,CRM,168.10001,0.066151,305995.0,142000.0
3481,20130131,CRM,172.13,0.023974000000000002,319928.0,146361.0
3482,20130228,CRM,169.22,-0.016906,280635.0,146447.0
3483,20130328,CRM,178.83,0.05679,371263.0,146447.0
3484,20130430,CRM,41.11,-0.080467,576711.0,589212.0
3485,20130531,CRM,42.33,0.029677,1386934.0,589935.0
3486,20130628,CRM,38.18,-0.098039,1821801.0,589935.0
3487,20130731,CRM,43.75,0.14588800000000002,946779.0,589935.0
3488,20130830,CRM,49.13,0.122971,1254980.0,596000.0
3489,20130930,CRM,51.91,0.056585,1058015.0,596000.0
3490,20131031,CRM,53.36,0.027933,886950.0,596000.0
3491,20131129,CRM,52.09,-0.023801,1245081.0,603000.0
3492,20131231,CRM,55.19,0.059512,900553.0,603000.0
3493,20140131,CRM,60.53,0.09675700000000001,996763.0,603000.0
3494,20140228,CRM,62.37,0.030398,1208026.0,603000.0
3495,20140331,CRM,57.09,-0.084656,1458485.0,610100.0
3496,20140430,CRM,51.65,-0.095288,1397086.0,610100.0
3497,20140530,CRM,52.63,0.018974,1571186.0,614000.0
3498,20140630,CRM,58.08,0.10355299999999999,1103792.0,614000.0
3499,20140731,CRM,54.25,-0.065944,875085.0,614000.0
3500,20140829,CRM,59.09,0.08921699999999999,1216111.0,619000.0
3501,20140930,CRM,57.53,-0.0264,919236.0,619000.0
3502,20141031,CRM,63.99,0.11228900000000001,1086057.0,619000.0
3503,20141128,CRM,59.87,-0.064385,956423.0,631000.0
3504,20141231,CRM,59.31,-0.009354000000000001,1074604.0,631000.0
3505,20150130,CRM,56.45,-0.048221,832431.0,631000.0
3506,20150227,CRM,69.38,0.229052,932120.0,631000.0
3507,20150331,CRM,66.81,-0.037042,999186.0,631000.0
3508,20150430,CRM,72.82,0.08995700000000001,981609.0,655556.0
3509,20150529,CRM,72.75,-0.0009609999999999999,1363057.0,655556.0
3510,20150630,CRM,69.63,-0.042887,731202.0,655556.0
3511,20150731,CRM,73.3,0.052707000000000004,630442.0,655556.0
3512,20150831,CRM,69.36,-0.053752,952121.0,655556.0
3513,20150930,CRM,69.43,0.001009,805926.0,655556.0
3514,20151030,CRM,77.71,0.11925699999999999,777564.0,655556.0
3515,20151130,CRM,79.69,0.025478999999999998,768753.0,664000.0
3516,20151231,CRM,78.4,-0.016188,691826.0,664000.0
3517,20160129,CRM,68.06,-0.131888,978925.0,664000.0
3518,20160229,CRM,67.75,-0.004555,1896692.0,664000.0
3519,20160331,CRM,73.83,0.089742,870157.0,670900.0
3520,20160429,CRM,75.8,0.026683,583194.0,678434.0
3521,20160531,CRM,83.71,0.104354,918415.0,677500.0
3522,20160630,CRM,79.41,-0.051368,842515.0,677500.0
3523,20160729,CRM,81.8,0.030097000000000002,599094.0,677500.0
3524,20160831,CRM,79.42,-0.029095,1075401.0,677500.0
3525,20160930,CRM,71.33,-0.101863,1696211.0,677500.0
3526,20161031,CRM,75.16,0.053694000000000006,2253933.0,679094.0
3527,20161130,CRM,72.0,-0.042044,1593211.0,679094.0
3528,20161230,CRM,68.46,-0.049167,1198772.0,679094.0
3529,20170131,CRM,79.1,0.155419,977755.0,679094.0
3530,20170228,CRM,81.35,0.028444999999999998,901577.0,696700.0
3531,20170331,CRM,82.49,0.014013999999999999,1031609.0,707500.0
3532,20170428,CRM,86.12,0.044005,729749.0,711338.0
3533,20170531,CRM,89.64,0.040873,1110789.0,711338.0
3534,20170630,CRM,86.6,-0.033913,1161502.0,711338.0
3535,20170731,CRM,90.8,0.048499,626335.0,711338.0
3536,20170831,CRM,95.49,0.051651999999999997,989843.0,711338.0
3537,20170929,CRM,93.42,-0.021678,850466.0,718700.0
3538,20171031,CRM,102.34,0.095483,743720.0,718700.0
3539,20171130,CRM,104.32,0.019347,1115450.0,722300.0
3540,20171229,CRM,102.23,-0.020034,830678.0,722300.0
3541,20180131,CRM,113.91,0.11425199999999999,819931.0,722300.0
3542,20180228,CRM,116.25,0.020543000000000002,1114404.0,722300.0
3543,20180329,CRM,116.3,0.00043,1762767.0,732383.0
3544,20180430,CRM,120.99,0.040326999999999995,956792.0,733373.0
3545,20180531,CRM,129.33,0.06893099999999999,1061608.0,742457.0
3546,20180629,CRM,136.39999,0.054666,1179976.0,742457.0
3547,20180731,CRM,137.14999,0.005499,987284.0,742457.0
3548,20180831,CRM,152.67999,0.11323399999999999,1092879.0,742457.0
3549,20180928,CRM,159.03,0.041589999999999995,1039308.0,756700.0
3550,20181031,CRM,137.24001,-0.137018,1569266.0,756700.0
3551,20181130,CRM,142.75999,0.040221,1657478.0,765000.0
3552,20181231,CRM,136.97,-0.040558,1382551.0,765000.0
3553,20190131,CRM,151.97,0.10951300000000001,1177815.0,765000.0
3554,20190228,CRM,163.64999,0.07685700000000001,962927.0,765000.0
3555,20190329,CRM,158.37,-0.032264,1355063.0,771000.0
3556,20190430,CRM,165.35001,0.044074,809693.0,774773.0
3557,20190531,CRM,151.41,-0.08430599999999999,1003203.0,774773.0
3558,20190628,CRM,151.73,0.002113,1828337.0,776544.0
3559,20190731,CRM,154.5,0.018256,1131421.0,778878.0
3560,20190830,CRM,156.07001,0.010162000000000001,2007286.0,877000.0
3561,20190930,CRM,148.44,-0.048888,941682.0,877000.0
3562,20191031,CRM,156.49001,0.054230999999999994,1019097.0,877000.0
3563,20191129,CRM,162.89,0.040897,923739.0,877000.0
3564,20191231,CRM,162.64,-0.001535,1099761.0,887000.0
3565,20200131,CRM,182.31,0.12094200000000001,1047412.0,887000.0
3566,20200228,CRM,170.39999,-0.065328,1180350.0,887000.0
3567,20200331,CRM,143.98,-0.155047,2271364.0,895000.0
3568,20200430,CRM,161.95,0.12480899999999999,1459672.0,895000.0
3569,20200529,CRM,174.78999,0.07928400000000001,1424603.0,899412.0
3570,20200630,CRM,187.33,0.071743,1400990.0,901000.0
3571,20200731,CRM,194.85001,0.040143,1037156.0,901000.0
3572,20200831,CRM,272.64999,0.399281,2390096.0,910000.0
3573,20200930,CRM,251.32001,-0.07823200000000001,1592089.0,910000.0
3574,20201030,CRM,232.27,-0.0758,923079.0,910000.0
3575,20201130,CRM,245.8,0.058251,1539523.0,910000.0
3576,20201231,CRM,222.53,-0.09467,2775818.0,915000.0
3577,20210129,CRM,225.56,0.013616,1535600.0,917734.0
3578,20210226,CRM,216.5,-0.040167,1279940.0,917734.0
3579,20210331,CRM,211.87,-0.021386000000000002,1752258.0,921000.0
3580,20210430,CRM,230.32001,0.087082,1061717.0,920761.0
3581,20210528,CRM,238.10001,0.033779,1319329.0,922233.0
3582,20210630,CRM,244.27,0.025913,1244456.0,926000.0
3583,20210730,CRM,241.92999,-0.00958,1297342.0,971529.0
3584,20210831,CRM,265.26999,0.096474,1327431.0,971529.0
3585,20210930,CRM,271.22,0.022430000000000002,1312759.0,979000.0
3586,20211029,CRM,299.69,0.10497000000000001,908745.0,979000.0
3587,20211130,CRM,284.95999,-0.049151,992961.0,979000.0
3588,20211231,CRM,254.13,-0.10819100000000001,1498136.0,985000.0
